date,close,volume,open,high,low
,,,,,
16/02/2018,1095.5,1993147,1093.38,1108.31,1091.55
15/02/2018,1091.36,1858866,1083.45,1094.1,1067.23
14/02/2018,1072.7,2057532,1054.32,1075.47,1049.8
13/02/2018,1054.14,1575967,1050,1061.22,1046.92
12/02/2018,1054.56,2804888,1056.67,1065.57,1045.49
09/02/2018,1046.27,4912365,1025.88,1051.72,997
08/02/2018,1007.71,3330234,1059.87,1063.93,1004.7
07/02/2018,1055.41,2584451,1084.97,1086.53,1054.62
06/02/2018,1084.43,3805467,1033.98,1087.375,1030.01
05/02/2018,1062.39,4151504,1100.61,1114.99,1056.74
02/02/2018,1119.2,5831818,1127.42,1131.3,1111.17
01/02/2018,1181.59,3617850,1175.99,1187.45,1169.36
31/01/2018,1182.22,1788813,1183.81,1186.32,1172.1
30/01/2018,1177.37,1813553,1177.72,1187.93,1174.51
29/01/2018,1186.48,1570320,1188,1198,1184.06
26/01/2018,1187.56,2097874,1187.53,1187.56,1168.03
25/01/2018,1182.14,1486658,1180.71,1185,1171.84
24/01/2018,1171.29,1845809,1184.98,1187.05,1167.401
23/01/2018,1176.17,1940085,1170.62,1178.51,1167.25
22/01/2018,1164.16,1475670,1143.82,1166.88,1141.82
19/01/2018,1143.5,1449097,1138.03,1143.7797,1132.5
18/01/2018,1135.97,1372015,1139.35,1140.585,1124.465
17/01/2018,1139.1,1389212,1136.36,1139.32,1123.49
16/01/2018,1130.7,1803008,1140.31,1148.88,1126.66
12/01/2018,1130.65,1926815,1110.1,1131.3025,1108.0101
11/01/2018,1112.05,1109701,1112.31,1114.85,1106.48
10/01/2018,1110.14,1036362,1107,1112.78,1103.9842
09/01/2018,1112.79,1338828,1118.44,1118.44,1108.201
08/01/2018,1114.21,1231344,1111,1119.16,1110
05/01/2018,1110.29,1512493,1103.45,1113.5799,1101.795
04/01/2018,1095.76,1302470,1097.09,1104.0765,1094.26
03/01/2018,1091.52,1564410,1073.93,1096.1,1073.43
02/01/2018,1073.21,1587358,1053.02,1075.98,1053.02
29/12/2017,1053.4,1178433,1055.49,1058.05,1052.7
28/12/2017,1055.95,993945,1062.25,1064.84,1053.38
27/12/2017,1060.2,1115893,1066.6,1068.27,1058.38
26/12/2017,1065.85,918251,1068.64,1068.86,1058.6401
22/12/2017,1068.86,885293,1070,1071.72,1067.64
21/12/2017,1070.85,1247608,1075.39,1077.52,1069
20/12/2017,1073.56,1435721,1080.92,1081.235,1068.6
19/12/2017,1079.78,1291608,1083.02,1084.975,1072.2704
18/12/2017,1085.09,1512241,1076.45,1086.49,1070.37
15/12/2017,1072,3184555,1063.78,1075.25,1060.0901
14/12/2017,1057.47,1545568,1055.49,1067.08,1053.595
13/12/2017,1051.39,1383935,1052.08,1055.48,1046.58
12/12/2017,1048.77,1692799,1050,1062.5,1044.87
11/12/2017,1051.97,1161981,1051.11,1056,1044.12
08/12/2017,1049.38,1491994,1051.81,1056.42,1045.86
07/12/2017,1044.57,1542074,1036.07,1048.92,1035.36
06/12/2017,1032.72,1380665,1016.52,1039.58,1015.31
05/12/2017,1019.6,1948970,1010.99,1036.68,1002.315
04/12/2017,1011.87,1938233,1027.8,1031.34,1009.22
01/12/2017,1025.07,1867088,1030.41,1037.245,1016.9
30/11/2017,1036.17,2232482,1039.94,1044.1399,1030.07
29/11/2017,1037.38,2789533,1056.18,1058.77,1029.6533
28/11/2017,1063.29,1819336,1073.99,1080,1054.54
27/11/2017,1072.01,1771183,1058.57,1073.035,1054.7713
24/11/2017,1056.52,825369,1054.39,1060.07,1051.92
22/11/2017,1051.92,726428,1051.16,1055.43,1047.25
21/11/2017,1050.3,1080867,1040.04,1050.39,1039.14
20/11/2017,1034.66,857692,1036,1038.695,1032.675
17/11/2017,1035.89,1334171,1049.8,1051,1033.73
16/11/2017,1048.47,1137569,1038.75,1051.76,1038
15/11/2017,1036.41,903823,1035,1039.63,1030.76
14/11/2017,1041.64,1049579,1037.72,1042.3,1029.33
13/11/2017,1041.2,940083,1040.8,1048.74,1039.26
10/11/2017,1044.15,970438,1043.87,1046.63,1041.22
09/11/2017,1047.72,1793882,1048,1050.88,1035.85
08/11/2017,1058.29,1214458,1050.05,1062.691,1047.05
07/11/2017,1052.39,1303523,1049.65,1053.41,1043
06/11/2017,1042.68,913890,1049.1,1052.59,1042
03/11/2017,1049.99,1385129,1042.75,1050.66,1037.65
02/11/2017,1042.97,1334054,1039.99,1045.52,1028.66
01/11/2017,1042.595,2132655,1036.315,1047.86,1034
31/10/2017,1033.04,1502091,1033,1041,1026.295
30/10/2017,1033.13,2339218,1029.16,1039.83,1022.33
27/10/2017,1033.67,5182669,1030.99,1063.62,1026.85
26/10/2017,991.42,2341752,998.47,1006.51,990.47
25/10/2017,991.46,1398153,986.27,994.43,977.722
24/10/2017,988.49,1437362,986.5,989.26,977.08
23/10/2017,985.54,1637624,1005.18,1005.7938,983.1
20/10/2017,1005.07,1605177,1007.05,1008.65,1002.27
19/10/2017,1001.84,1681370,1004.75,1007.322,997.3
18/10/2017,1012.74,1278729,1011.05,1016.3091,1005.32
17/10/2017,1011,1006931,1007.44,1014.56,1006.05
16/10/2017,1009.35,1069349,1009.63,1012,1001.52
13/10/2017,1007.87,1327076,1009.11,1014.76,1007.06
12/10/2017,1005.65,1540348,1003.84,1011.5388,1001.1
11/10/2017,1005.65,1813182,989.04,1007.565,987.94
10/10/2017,987.8,1163319,995.3,997.47,981.11
09/10/2017,992.31,1294495,995,1000.46,991.5
06/10/2017,993.64,1551905,980,994.26,978.51
05/10/2017,985.19,1778767,972.79,986.5085,970.27
04/10/2017,966.78,1056204,971.76,974.4,965.61
03/10/2017,972.08,1083811,967.56,972.44,962.705
02/10/2017,967.47,1536652,975.65,977.74,961.95
29/09/2017,973.72,2026337,966,975.81,966
28/09/2017,964.81,1400397,956.25,966.18,955.55
27/09/2017,959.9,2332282,942.74,965.43,941.95
26/09/2017,937.43,1628565,936.69,944.08,935.12
25/09/2017,934.28,1869992,939.45,939.75,924.5101
22/09/2017,943.26,1074266,942.77,950,940.835
21/09/2017,947.55,1307418,948.13,952.8,939.38
20/09/2017,947.54,1922862,937.73,950,937.5
19/09/2017,936.86,1232224,933.41,937.94,926.66
18/09/2017,929.75,1456206,935.01,936.86,925.4
15/09/2017,935.29,1956538,940.09,941.75,931.25
14/09/2017,940.13,1424567,946,948.03,938.356
13/09/2017,950.44,1094735,945.5,952.85,944.74
12/09/2017,946.65,1283580,946.92,948.085,937.5
11/09/2017,943.29,1336181,947.2,952.68,941
08/09/2017,941.41,999254,949.7,950.7,940.01
07/09/2017,949.89,1115442,944.25,950.4965,937.53
06/09/2017,942.02,1390301,943.87,944.5,932.68
05/09/2017,941.48,1458147,946.86,951.3854,935.6
01/09/2017,951.99,1040545,957.47,958.33,950.28
31/08/2017,955.24,1692138,946.3,957.195,946.25
30/08/2017,943.63,1118563,935.67,945.86,934.05
29/08/2017,935.75,1158354,919.95,938.19,919.31
28/08/2017,928.13,1044123,931.88,934.85,926.11
25/08/2017,930.5,1184541,939.21,940.73,930.1
24/08/2017,936.89,1294082,943.71,946.31,930.74
23/08/2017,942.58,1133170,937,945.425,935.24
22/08/2017,940.4,1759671,926.96,941.9617,926.17
21/08/2017,920.87,1299116,925.77,928.25,918.6
18/08/2017,926.18,1334709,926.98,931.02,923.45
17/08/2017,927.66,1673792,942.95,943.81,927.64
16/08/2017,944.27,1343195,941.25,949.9,940.0391
15/08/2017,938.08,1103653,941.03,943.07,936.64
14/08/2017,938.93,1149516,939.07,941.04,934.485
11/08/2017,930.09,1615509,923.71,933.36,921.22
10/08/2017,923.59,2704040,935,936.3,921.7768
09/08/2017,940.08,1396204,938.45,943.76,933.92
08/08/2017,944.19,1499665,944.29,952.49,942.48
07/08/2017,945.75,1444154,947.52,948.96,943.5
04/08/2017,945.79,1202478,943.95,947.54,939.795
03/08/2017,940.3,1051251,949.1,950,939.44
02/08/2017,947.64,2037607,948.37,949.1,932.521
01/08/2017,946.56,1324952,947.81,954.49,944.96
31/07/2017,945.5,2289972,960,961.1925,941.725
28/07/2017,958.33,1813698,947.99,961.79,945.31
27/07/2017,952.51,3710908,969.18,969.52,937.06
26/07/2017,965.31,2190430,972.78,973.95,960.23
25/07/2017,969.03,5929386,970.7,976.73,963.8
24/07/2017,998.31,3894298,994.1,1006.19,990.2728
21/07/2017,993.84,1461289,989,995.11,984.17
20/07/2017,992.19,1415715,997,998.68,984.62
19/07/2017,992.77,1397612,990.01,995.6,987.01
18/07/2017,986.95,1406825,973.36,990.85,972.04
17/07/2017,975.96,1655881,976.32,983.35,970.8
14/07/2017,976.91,1071565,974,977.54,970.15
13/07/2017,968.85,1523367,970.8,978.7,964.8
12/07/2017,967.66,1599395,960.86,969.63,957.04
11/07/2017,953.53,1460582,950.52,954.89,945.12
10/07/2017,951,1411447,941.95,953.13,941.95
07/07/2017,940.81,1618240,930.985,944.66,929.79
06/07/2017,927.69,2013940,925,936.14,919.85
05/07/2017,932.26,2091688,924.2,936.29,918.6305
03/07/2017,919.46,1694811,933.22,934.24,915.31
30/06/2017,929.68,2284968,943.99,944.9995,929.61
29/06/2017,937.82,3203172,951.35,951.66,929.6
28/06/2017,961.01,2738594,950.66,963.24,936.16
27/06/2017,948.09,2441709,961.6,967.22,947.09
26/06/2017,972.09,1516569,990,993.99,970.33
23/06/2017,986.09,1547282,975.5,986.62,974.46
22/06/2017,976.62,1000823,976.87,980.5,973.3148
21/06/2017,978.59,1146174,970.79,979.67,969.16
20/06/2017,968.99,1295749,975.31,980.79,968.2
19/06/2017,975.22,1457679,969.65,979.3,968.2
16/06/2017,958.62,2545774,957.91,959.95,948.7
15/06/2017,960.18,2359537,948.02,960.6775,940.37
14/06/2017,967.93,1499740,975.5,979.7,959.5103
13/06/2017,970.5,2003870,972.04,977.91,962.01
12/06/2017,961.81,4197440,958.72,968,936.795
09/06/2017,970.12,3641666,1005.49,1005.5,953.37
08/06/2017,1004.28,1681384,1004.23,1005.6,996.62
07/06/2017,1001.59,1372171,998.82,1003.91,995.81
06/06/2017,996.68,1550707,1003.31,1008.61,994.8
05/06/2017,1003.88,1377881,997.89,1007.4011,995.45
02/06/2017,996.12,1734937,988.59,996.48,987.07
01/06/2017,988.29,1304027,990.96,993.14,981.29
31/05/2017,987.09,1725641,996.21,999.6,981.68
30/05/2017,996.17,1516553,992.5,997.62,991.3601
26/05/2017,993.27,1632390,992,996.39,987.36
25/05/2017,991.86,1952802,979,995.78,977.82
24/05/2017,977.61,1137638,975.26,978.115,971.6299
23/05/2017,970.55,1544900,969.96,974.51,964.5
22/05/2017,964.07,1384904,957,964.82,956.56
19/05/2017,954.65,1359893,952.82,959.56,952
18/05/2017,950.5,1799512,943.2,954.18,941.27
17/05/2017,942.17,2446966,959.7,960.99,940.06
16/05/2017,964.61,1099818,963.55,965.8955,960.35
15/05/2017,959.22,1332065,955.29,962.7,952.82
12/05/2017,955.14,1214614,957.85,957.98,952.06
11/05/2017,955.89,1031011,951.29,957.99,948.61
10/05/2017,954.84,1145842,956.22,956.71,949.84
09/05/2017,956.71,1686770,961.33,962.2,954.4
08/05/2017,958.69,1875308,947.45,960.99,947.395
05/05/2017,950.28,1614381,956.72,958.4395,948.0986
04/05/2017,954.72,1937977,950.29,959.14,947.37
03/05/2017,948.45,1820150,936.05,950.2,935.21
02/05/2017,937.09,1749432,933.27,942.985,931
01/05/2017,932.82,2325611,924.15,935.82,920.8
28/04/2017,924.52,3804599,929,935.9,923.22
27/04/2017,891.44,2306341,890,893.3774,887.18
26/04/2017,889.14,1319855,891.39,892.99,885.15
25/04/2017,888.84,2031687,882.26,892.25,879.2801
24/04/2017,878.93,1691946,868.44,879.96,866.11
21/04/2017,858.95,1171407,860.62,862.44,857.73
20/04/2017,860.08,1187137,859.74,863.93,857.5
19/04/2017,856.51,1078820,857.385,860.2,853.5275
18/04/2017,853.99,935216,852.54,857.39,851.25
17/04/2017,855.13,1046754,841.38,855.64,841.03
13/04/2017,840.18,1071248,841.04,843.73,837.8503
12/04/2017,841.46,1135641,838.46,843.72,837.59
11/04/2017,839.88,973875,841.7,844.63,834.6
10/04/2017,841.7,1045369,841.54,846.7372,840.79
07/04/2017,842.1,1110404,845,845.88,837.3
06/04/2017,845.095,1530251,849.5,853.59,844
05/04/2017,848.91,1851632,854.71,860.59,847.52
04/04/2017,852.57,1346500,848,853,847.505
03/04/2017,856.75,1968062,848.75,859,847.5298
31/03/2017,847.8,1440202,846.83,849.56,845.2445
30/03/2017,849.48,948489,851.98,852,846.77
29/03/2017,849.87,1456135,842.75,851.585,841.38
28/03/2017,840.63,1517740,839.69,845.4,832.265
27/03/2017,838.51,1934575,828.09,841.38,824.3
24/03/2017,835.14,2102352,842,844,829.1
23/03/2017,839.65,3285469,841.39,841.69,833
22/03/2017,849.8,1361659,849.48,855.35,847
21/03/2017,850.14,2531086,870.06,873.47,847.687
20/03/2017,867.91,1528664,869.48,870.34,864.665
17/03/2017,872.37,1852574,873.68,874.42,868.37
16/03/2017,870,1103990,870.53,872.71,867.52
15/03/2017,868.39,1331984,867.94,869.88,861.295
14/03/2017,865.91,1059047,863.75,867.58,860.13
13/03/2017,864.58,1165561,860.83,867.13,860.82
10/03/2017,861.405,1336523,862.7,864.229,857.61
09/03/2017,857.84,1341977,853.69,860.71,852.67
08/03/2017,853.64,1029444,853.12,856.93,851.25
07/03/2017,851.15,1038337,847.26,853.33,845.52
06/03/2017,847.27,1046709,846.86,848.94,841.17
03/03/2017,849.08,1005385,848.94,850.82,844.705
02/03/2017,849.85,1249065,856.31,856.49,848.72
01/03/2017,856.75,1817444,851.38,858,849.02
28/02/2017,844.93,1381453,847.35,848.83,841.4422
27/02/2017,849.67,1009332,844.95,850.67,843.01
24/02/2017,847.81,1345689,847.65,848.36,842.9601
23/02/2017,851,1386019,851.08,852.62,842.5
22/02/2017,851.36,1224597,848,853.79,846.7101
21/02/2017,849.27,1260932,847.99,852.2,846.55
17/02/2017,846.55,1459501,841.31,846.94,839.78
16/02/2017,842.17,1004261,838.5,842.69,837.26
15/02/2017,837.32,1356752,838.81,841.7725,836.22
14/02/2017,840.03,1362210,839.77,842,835.83
13/02/2017,838.96,1295136,837.7,841.735,836.246
10/02/2017,834.85,1414105,832.95,837.15,830.51
09/02/2017,830.06,1193818,831.73,831.98,826.5
08/02/2017,829.88,1300977,830.53,834.25,825.11
07/02/2017,829.23,1666384,825.5,831.92,823.2926
06/02/2017,821.62,1350474,820.92,822.39,814.29
03/02/2017,820.13,1527736,823.13,826.13,819.35
02/02/2017,818.26,1686997,815,824.56,812.051
01/02/2017,815.24,2246841,824,824,812.25
31/01/2017,820.19,2017713,819.5,823.07,813.4
30/01/2017,823.83,3514929,837.06,837.23,821.03
27/01/2017,845.03,3751309,859,867,841.9
26/01/2017,856.98,3452599,859.05,861,850.5201
25/01/2017,858.45,1657818,853.55,858.7936,849.74
24/01/2017,849.53,1686373,846.98,851.52,842.28
23/01/2017,844.43,2456979,831.61,845.5428,828.7
20/01/2017,828.17,1304421,829.09,829.24,824.6
19/01/2017,824.37,1068876,829,832.9999,823.96
18/01/2017,829.02,1026256,829.8,829.81,824.08
17/01/2017,827.46,1440724,830,830.18,823.2001
13/01/2017,830.94,1289823,831,834.65,829.52
12/01/2017,829.53,1349799,828.38,830.38,821.01
11/01/2017,829.86,1323813,826.62,829.9,821.47
10/01/2017,826.01,1196641,827.07,829.41,823.14
09/01/2017,827.18,1408698,826.37,830.43,821.62
06/01/2017,825.21,2014451,814.99,828.96,811.5
05/01/2017,813.02,1339307,807.5,813.74,805.92
04/01/2017,807.77,1514808,809.89,813.43,804.11
03/01/2017,808.01,1958783,800.62,811.435,796.89
30/12/2016,792.45,1735522,803.21,803.285,789.62
29/12/2016,802.88,1057004,802.33,805.75,798.144
28/12/2016,804.57,1202240,813.33,813.33,802.44
27/12/2016,809.93,974738,808.68,816,805.8
23/12/2016,807.8,764767,808.01,810.9696,805.11
22/12/2016,809.68,1132047,809.1,811.07,806.03
21/12/2016,812.2,1457480,815.72,815.72,805.1
20/12/2016,815.2,1270529,813.37,816.49,811
19/12/2016,812.5,1263416,809.28,816.22,804.5
16/12/2016,809.84,2597948,818.31,819.2,808.12
15/12/2016,815.65,1768545,817.36,823,812
14/12/2016,817.89,1797612,815.92,824.26,812.78
13/12/2016,815.34,2104198,812.39,824.3,811.94
12/12/2016,807.9,1627711,804.82,811.35,804.5311
09/12/2016,809.45,1900034,799.3,809.95,798.05
08/12/2016,795.17,1611923,792.95,799,787.905
07/12/2016,791.47,2026403,779.95,792,773.53
06/12/2016,776.18,1733244,780.19,785.28,773.32
05/12/2016,778.22,1685519,770,780,766.9686
02/12/2016,764.46,1696488,761.9,770.5,759
01/12/2016,764.33,2863993,778.55,778.6,753.36
30/11/2016,775.88,2272782,789.1,791.51,773.145
29/11/2016,789.44,1560963,788.38,796.44,785.34
28/11/2016,785.79,2569319,778.35,799.74,778.1
25/11/2016,780.23,613549,782.61,782.9,778.19
23/11/2016,779,1311228,789.52,789.52,772.65
22/11/2016,785,1391312,788.99,793.77,783.74
21/11/2016,784.8,1628530,778.1,786.55,776.3
18/11/2016,775.97,1800135,787.17,791.29,775.35
17/11/2016,786.16,1531650,782.5,788.9,779.85
16/11/2016,779.98,1796559,770.42,783.5,766.33
15/11/2016,775.16,2940057,765.47,780.2376,765.22
14/11/2016,753.22,3681471,771.76,771.78,743.59
11/11/2016,771.75,3587879,776.81,777.29,765.54
10/11/2016,780.29,5902116,810,810.06,768.23
09/11/2016,805.59,3095105,801.83,811.71,792.035
08/11/2016,811.98,1759885,802.03,816.04,799.62
07/11/2016,802.03,1986464,794.95,805,792.9
04/11/2016,781.1,1967620,771.3,788.48,771.0043
03/11/2016,782.19,2173340,784.5,790,778.63
02/11/2016,788.42,2284886,806.76,806.76,785
01/11/2016,805.48,2354652,810.87,813.96,798.26
31/10/2016,809.9,2238967,822.43,822.63,808
28/10/2016,819.56,4352704,829.94,839,817
27/10/2016,817.35,2939601,823.01,826.58,814.61
26/10/2016,822.1,1791756,827.12,827.71,816.35
25/10/2016,828.55,1887068,838.5,838.5,825.3005
24/10/2016,835.74,1444851,830.09,837.94,829.04
21/10/2016,824.06,1612418,820,824.29,818.31
20/10/2016,821.63,1385811,827.56,828.465,820.55
19/10/2016,827.09,1497429,824.52,829.81,823.205
18/10/2016,821.49,2287485,814.21,828.81,813.33
17/10/2016,806.84,1055806,805.99,813.49,803.83
14/10/2016,804.6,1106895,807.45,810.09,802.32
13/10/2016,804.08,1368311,806.07,806.56,798.62
12/10/2016,811.77,905703,811.96,814.5,808.5545
11/10/2016,809.57,1719835,814.17,819.86,807.37
10/10/2016,814.17,1489003,803.93,817.38,802.24
07/10/2016,800.71,1163810,805.93,805.94,796.82
06/10/2016,803.08,1098158,804.08,806.945,800.51
05/10/2016,801.23,1209183,806,808.5,800.71
04/10/2016,802.79,1257681,805,806.5,799.67
03/10/2016,800.38,1487130,802.55,803.54,796.23
30/09/2016,804.06,1628896,803.6,808.09,801.5
29/09/2016,802.64,1348241,807.23,813.91,800.855
28/09/2016,810.06,1469220,804.08,810.25,802.7803
27/09/2016,810.73,1362135,801.83,813.49,801.83
26/09/2016,802.65,1431779,809.82,810.08,800.45
23/09/2016,814.96,1411216,815.14,817,812.73
22/09/2016,815.95,1757641,810,819.06,807.71
21/09/2016,805.03,1346610,801.26,805.91,796.03
20/09/2016,799.78,1049912,800,802.75,798.26
19/09/2016,795.39,1146770,801.11,803.99,793.56
16/09/2016,797.97,2129528,799.02,799.02,793.62
15/09/2016,801.23,1563899,790.01,803.645,788.66
14/09/2016,790.46,1313008,787.53,796.33,787.53
13/09/2016,788.72,1808015,794.01,795.79,784.33
12/09/2016,798.82,1861467,784.52,800.17,783.5
09/09/2016,788.48,1882483,798.77,801.75,788.05
08/09/2016,802.84,1176431,805.22,808.42,801.0101
07/09/2016,807.99,1145552,807.93,810.6,803.72
06/09/2016,808.02,1989232,798.39,810.89,795.43
02/09/2016,796.87,1349109,795.27,797.1,793.26
01/09/2016,791.4,1303118,791.98,792.89,786.33
31/08/2016,789.85,1070140,789.6,791.57,787.2
30/08/2016,791.92,1190034,792.88,798,789.47
29/08/2016,795.82,772876,793.05,798.52,790.32
26/08/2016,793.22,1248466,792.49,799.4,789.4069
25/08/2016,791.3,1201902,792,794.72,787.23
24/08/2016,793.6,1283824,796.86,798.46,790.76
23/08/2016,796.59,916133,800.48,801,795.99
22/08/2016,796.95,852892,798.51,799.3,794.33
19/08/2016,799.65,1120336,799.79,801.23,796.88
18/08/2016,802.75,864660,805.36,808,801.63
17/08/2016,805.42,1064729,800,805.63,796.3
16/08/2016,801.19,1056936,803.5,804.26,797
15/08/2016,805.96,929916,807.21,811.36,804.03
12/08/2016,807.05,896802,805.09,807.19,803.64
11/08/2016,808.2,1281610,810.47,813.879,806
10/08/2016,808.49,916595,807.05,810.879,806.49
09/08/2016,807.48,1607256,804.49,813.33,804.06
08/08/2016,805.23,1221422,806,807.6,801.69
05/08/2016,806.93,1805900,800.11,807.22,797.81
04/08/2016,797.25,1075295,798.24,800.2,793.92
03/08/2016,798.92,1460553,796.47,799.54,793.02
02/08/2016,800.12,1995240,797.33,802.32,794.53
01/08/2016,800.94,3024763,786.67,807.49,785.04
29/07/2016,791.34,5066995,797.71,803.94,790
28/07/2016,765.84,3590254,768.84,768.97,759.09
27/07/2016,761.97,1595341,758.97,764.45,755.93
26/07/2016,757.65,1186574,757.52,759.26,752.7503
25/07/2016,757.52,1073258,757.68,759.8249,754.07
22/07/2016,759.28,1045450,757.32,759.45,752.655
21/07/2016,754.41,953043,757,758.15,751.52
20/07/2016,757.08,1124699,754.05,760.64,754.05
19/07/2016,753.41,1521192,749.87,756.59,748.489
18/07/2016,753.2,1927867,737.91,755.1369,736.51
15/07/2016,735.63,1614967,741,741,734.64
14/07/2016,735.8,1069376,733.94,736.14,730.59
13/07/2016,729.48,1020847,735.52,735.52,729.02
12/07/2016,732.51,1328656,731.92,735.6,727.5
11/07/2016,727.2,1432923,719.42,728.9289,718.865
08/07/2016,717.78,1492655,710.56,717.9,708.11
07/07/2016,707.26,1057750,710.11,710.17,700.67
06/07/2016,708.97,1444163,699.84,713,699
05/07/2016,704.89,1421850,705.01,708.12,699.13
01/07/2016,710.25,1548430,705.1,712.53,703.73
30/06/2016,703.53,2110713,697.65,703.77,694.9015
29/06/2016,695.19,2154792,694.26,699.5,692.6834
28/06/2016,691.26,1910261,691.37,692.7399,684.85
27/06/2016,681.14,2909539,682.49,683.325,672.66
24/06/2016,685.2,4767591,690.17,705,684.91
23/06/2016,714.87,2121556,710.55,714.88,700.25
22/06/2016,710.47,1452007,714.05,714.21,705.88
21/06/2016,708.88,1492642,710.05,715.38,704.66
20/06/2016,706.13,2282347,710.31,715.87,705.41
17/06/2016,704.25,4112597,721.39,721.39,701.12
16/06/2016,724.25,2246849,727.96,730.39,715.54
15/06/2016,732.19,1157759,734.92,737.15,731.31
14/06/2016,733.25,1327872,729.31,736,726.5
13/06/2016,731.88,1166558,729.82,739,729.82
10/06/2016,733.19,1452155,735.95,739.64,730.51
09/06/2016,742.52,958731,737.07,743.93,736.5
08/06/2016,742.93,1615601,739.5,743.81,735.765
07/06/2016,731.09,1214733,733.27,736.71,730.8
06/06/2016,730.06,1491771,738.5,738.5,728.29
03/06/2016,735.86,1230030,741.49,741.49,733.91
02/06/2016,744.27,1695221,746.1,747.3,737
01/06/2016,748.46,1039582,748.47,751.37,744.34
31/05/2016,748.85,2123407,748.76,753.48,745.57
27/05/2016,747.6,1739463,737.51,747.91,737.01
26/05/2016,736.93,1359797,736,741.1,733
25/05/2016,738.1,1615382,735,739.89,732.6
24/05/2016,733.03,1893201,719.85,734.2,719.645
23/05/2016,717.25,1237493,719.98,723.4999,716.94
20/05/2016,721.71,1730353,716.46,727.7,715.01
19/05/2016,715.31,1523254,718.3,720.5,710.305
18/05/2016,721.78,1622966,718.5,725.57,715.02
17/05/2016,720.19,1668702,731.06,735.85,718
16/05/2016,730.3,1124740,724.32,732.68,720
13/05/2016,724.83,1255038,726.62,731.29,723.51
12/05/2016,728.07,1354049,732,735.37,724.27
11/05/2016,730.55,1489772,740.52,740.8,727.9025
10/05/2016,739.38,1629685,734.96,740,731.61
09/05/2016,729.13,1900579,726.7,734.29,723.5
06/05/2016,725.18,1994510,712.2,725.99,711.95
05/05/2016,714.71,1482730,715,717.55,709.4501
04/05/2016,711.37,1708120,706.77,715.05,704.05
03/05/2016,708.44,1930313,712.5,713.37,707.33
02/05/2016,714.41,1673095,711.92,715.41,706.36
29/04/2016,707.88,2913286,704.12,712.11,703.78
28/04/2016,705.06,3124368,723.29,729.26,703.2
27/04/2016,721.46,3305829,725.32,727.15,709.08
26/04/2016,725.37,2776678,744.42,745.59,720.32
25/04/2016,742.21,2470543,735.35,744.88,735.1
22/04/2016,737.77,7038718,743.91,753.92,730.37
21/04/2016,780,3786960,777.31,781.6799,771.55
20/04/2016,774.92,1710652,779.16,779.66,771.27
19/04/2016,776.25,2195959,790.5,790.95,770.27
18/04/2016,787.68,1673385,780.19,788.55,777.61
15/04/2016,780,1559707,775.5,780.93,774.9301
14/04/2016,775.39,1348242,775.36,779.61,773.22
13/04/2016,771.91,1769568,770.31,775.75,764.5908
12/04/2016,764.32,1366589,758.43,764.92,751.565
11/04/2016,757.54,1586524,765.45,767.22,757.34
08/04/2016,759.47,1171831,765.87,767.13,755.77
07/04/2016,760.12,1274258,765.32,769.36,757.5
06/04/2016,768.07,1262942,757.84,768.42,756.3
05/04/2016,758.57,1222899,758.13,762.87,755.6
04/04/2016,765.12,1346216,769.51,772.44,761.785
01/04/2016,769.67,1582377,757.16,770.04,755.2
31/03/2016,762.9,1627359,768.34,769.0842,758.25
30/03/2016,768.34,2018489,768.21,777.31,767.58
29/03/2016,765.89,1988867,753.68,767.18,748.29
28/03/2016,753.28,1083237,756.17,758.3,752.04
24/03/2016,754.84,1532760,751.2,757.555,750.5
23/03/2016,757.56,1233396,763.35,765.39,756.03
22/03/2016,760.05,1104542,758.44,765,757.875
21/03/2016,762.16,1438431,753.91,763.34,751.27
18/03/2016,755.41,2814010,761.63,762.14,751.82
17/03/2016,758.48,2227732,757.65,765.34,757.36
16/03/2016,757.36,1462328,749.05,759,746.5
15/03/2016,750.57,1479737,746.02,753.01,742.84
14/03/2016,750.24,1640531,744.97,754.26,743.6625
11/03/2016,744.87,1767725,739.95,744.9,736.7
10/03/2016,732.17,2229615,727.79,736.54,723.29
09/03/2016,725.41,1977088,715.165,726.24,712.66
08/03/2016,713.53,2625740,708.39,722.25,704
07/03/2016,712.8,3085143,725.15,727.21,705.14
04/03/2016,730.22,2424117,734.8,735,725.62
03/03/2016,731.59,2025542,739.48,741,729.63
02/03/2016,739.48,1814990,742.87,743.121,733.25
01/03/2016,742.17,3003534,721.3,742.33,718.64
29/02/2016,717.22,2248577,721,730.6,716.84
26/02/2016,724.86,2122722,733.6,736.16,721.9392
25/02/2016,729.12,1806153,722.93,729.51,713.23
24/02/2016,720.9,1846479,710.61,721.22,702.02
23/02/2016,717.29,2062573,726.1,730.9,715.67
22/02/2016,729.05,1875263,729.51,734.845,723.45
19/02/2016,722.11,1745074,715.9,724.03,713.12
18/02/2016,717.51,2362978,733.96,736,715.55
17/02/2016,731.97,2456691,727,733.76,716.61
16/02/2016,717.64,2170580,718.65,722.8789,710.18
12/02/2016,706.89,2326729,712.21,716,701.58
11/02/2016,706.36,3245164,696.34,712.315,691.19
10/02/2016,706.85,3012501,711.79,723.22,705.39
09/02/2016,701.02,4200412,692.95,720.96,688.5
08/02/2016,704.16,4446576,687.68,704.52,682.01
05/02/2016,703.76,5470489,725.5,726.72,700.14
04/02/2016,730.03,5234019,744.59,745.24,722.6001
03/02/2016,749.38,6551756,786.28,791.43,736.26
02/02/2016,780.91,6784651,800.5,810.35,780.6
01/02/2016,770.77,5450452,771.26,777.59,761.38
29/01/2016,761.35,3783526,748.96,765.105,744.2
28/01/2016,748.3,3099545,738.19,751.16,730.6
27/01/2016,717.58,2105853,735.89,735.89,713.45
26/01/2016,733.79,1545696,735.21,739.46,726.97
25/01/2016,733.62,2264914,743.84,752.46,732.501
22/01/2016,745.46,2357079,742,748.56,740.5
21/01/2016,726.67,2595123,720.17,737.67,711.11
20/01/2016,718.56,4118503,705.9,726.95,687.78
19/01/2016,719.08,2434005,720.15,725.35,709.85
15/01/2016,710.49,3789249,709.99,724.158,701.51
14/01/2016,731.39,2768633,724.44,739.89,705
13/01/2016,719.57,2578588,749.34,753,716.78
12/01/2016,745.34,2337503,740.75,748.34,736.43
11/01/2016,733.07,2537985,731.95,735.08,719.56
08/01/2016,730.91,2374762,747.8,750.12,728.9201
07/01/2016,741,3152358,746.49,755.31,735.28
06/01/2016,759.33,2408797,750.37,765.73,748
05/01/2016,761.53,2257466,764.1,769.2,755.65
04/01/2016,759.44,3363528,762.2,762.2,747.54
31/12/2015,778.01,1637241,787.82,788.33,777.32
30/12/2015,790.3,1427271,793.96,796.455,787.2
29/12/2015,793.96,1919541,786.99,798.69,786.202
28/12/2015,782.24,1555564,770,782.815,767.73
24/12/2015,765.84,521141,768.52,769.2,764.39
23/12/2015,768.51,1529510,770.69,771.9,757.65
22/12/2015,767.13,1814253,764.27,770.34,761.2
21/12/2015,760.8,1737946,763.05,766.35,754.15
18/12/2015,756.85,3374853,767.23,774.14,756.59
17/12/2015,769.83,1823211,781.16,781.59,769.3
16/12/2015,776.59,2651259,766.57,781.5,757.045
15/12/2015,760.09,2461633,767.79,774.75,758
14/12/2015,762.54,2698393,751.26,764.15,736.26
11/12/2015,750.42,2156617,749,757.44,748.65
10/12/2015,760.04,1620898,763.59,766.0655,755
09/12/2015,762.55,2311713,771.1,776.0926,752.0066
08/12/2015,775.14,1553155,764.5,778.65,762.52
07/12/2015,772.99,1825712,780.06,781,766.72
04/12/2015,779.21,2489157,769.71,782.42,765.51
03/12/2015,768.2,2094623,780.56,784.48,762.45
02/12/2015,777.85,2335118,785.25,793.0475,776.43
01/12/2015,783.79,2016443,766.94,785,765.95
30/11/2015,762.85,1611922,771.87,775.03,761.12
27/11/2015,771.97,722320,769.16,774,767.0001
25/11/2015,769.26,1180083,771.69,773,766.53
24/11/2015,769.63,2391171,772.96,775.99,758.11
23/11/2015,776.7,1732340,777.47,782.9,773.51
20/11/2015,777,2772642,769.3,779.318,764.1
19/11/2015,759.94,1403664,759.78,763.23,757.23
18/11/2015,760.01,1809897,749.57,761.1,747.39
17/11/2015,745.98,1941187,752.47,754.95,744.05
16/11/2015,750.42,2531896,740.21,751.71,734.33
13/11/2015,740.07,2406131,754.04,755.33,739.47
12/11/2015,756.53,1768372,760.18,765.799,755.86
11/11/2015,765.25,2093422,762.38,769.08,759.75
10/11/2015,758.26,1489851,753.48,760.6,748.41
09/11/2015,754.77,1776667,758.52,763.3,749.11
06/11/2015,761.6,1675784,759.39,763.022,755.03
05/11/2015,760.67,2272684,758.81,766.35,757.47
04/11/2015,755.31,2087911,749.9,759.9,749.2
03/11/2015,748.82,1814805,745.43,751.698,741.16
02/11/2015,747.74,1994264,737.88,748.18,731.45
30/10/2015,737.39,1997533,745.56,746.31,736.53
29/10/2015,744.85,1824574,736.63,746.79,735.16
28/10/2015,736.92,1967439,733,737.37,727.27
27/10/2015,732.82,1936404,726.57,735.9642,724.135
26/10/2015,731.12,2411726,720.02,734.95,720.02
23/10/2015,719.33,6330015,750.06,752.5,717.94
22/10/2015,681.14,4360204,675.44,688.0499,671.7
21/10/2015,671.8,1604735,683.21,684.9,670.7
20/10/2015,680,2619471,697.89,698,673.68
19/10/2015,699.95,1502651,694,700.2397,692.21
16/10/2015,695.32,1815517,695.4,696.22,689.1
15/10/2015,693.02,2355459,685.25,694.16,684.39
14/10/2015,680.41,1563983,683.73,690.04,678.9
13/10/2015,683.17,2115479,674.26,688.46,673.108
12/10/2015,676.43,1331892,669.19,677.98,667.24
09/10/2015,671.24,1604461,667.49,674.085,662.36
08/10/2015,667,1963318,669.45,671.89,654.49
07/10/2015,670,2188886,677.4,678.74,658.11
06/10/2015,671.64,2156640,669.35,678.8,663.0823
05/10/2015,671.68,1896277,661.6,673.0275,655.87
02/10/2015,656.99,2434071,638.01,658.2555,633.5
01/10/2015,642,2117079,637.94,643.84,631.115
30/09/2015,638.37,2644953,631.83,639.31,629.15
29/09/2015,622.61,2106411,625.5,634.68,618.03
28/09/2015,624.25,2372041,639.05,642.85,617.84
25/09/2015,640.15,2421258,658.58,658.58,639.655
24/09/2015,654.91,1933343,648.97,656.7699,642.165
23/09/2015,653.29,1455506,652.9,660.28,650.7301
22/09/2015,653.2,2714760,657.47,658.82,645.03
21/09/2015,666.98,1908296,665.51,669,658
18/09/2015,660.92,3622426,665.06,669.84,660.03
17/09/2015,671.67,2372191,667.49,681.99,665
16/09/2015,665.52,1311353,665.55,668.0699,662.2
15/09/2015,665.07,1776383,656.71,668.85,653.34
14/09/2015,652.47,1497577,655.63,655.92,649.501
11/09/2015,655.3,1744371,650.21,655.31,647.41
10/09/2015,651.08,1387402,643.9,654.9,641.7
09/09/2015,643.41,2046496,651.88,657.36,640.9
08/09/2015,643.88,1952855,641,645.04,632.9
04/09/2015,628.96,2021368,629.7,634.5,626.5
03/09/2015,637.05,1726636,647.93,651.25,633.8073
02/09/2015,644.91,1876564,638,645.057,630.64
01/09/2015,629.56,2572229,633.81,644.44,625.06
31/08/2015,647.82,1939177,654.34,664.41,646.35
28/08/2015,659.69,1937829,665.76,667,653.75
27/08/2015,667.96,2943990,671.99,673.9799,651.1
26/08/2015,659.74,4292376,643.1,662.48,630.37
25/08/2015,612.47,3565971,646.468,647,611.67
24/08/2015,618.11,6472137,600.6,644.33,593.09
21/08/2015,644.03,4525625,671.04,672.89,643.104
20/08/2015,679.48,2885476,689.1,696.16,675.2801
19/08/2015,694.04,2507033,690.11,700.2,686.8
18/08/2015,688.73,1385267,691.07,695.7568,685.32
17/08/2015,694.11,1231922,688.04,694.74,683.06
14/08/2015,689.37,1379730,684.04,692.26,682.9
13/08/2015,686.51,1812741,689.2,694.03,682.18
12/08/2015,691.47,2926164,694.49,696,680.51
11/08/2015,690.3,5472566,699.58,704,684.32
10/08/2015,663.14,1587541,667.09,671.62,660.23
07/08/2015,664.39,1376441,667.78,668.795,658.87
06/08/2015,670.15,2031876,673.99,674.75,660.73
05/08/2015,673.29,1821862,665.75,679.91,665.5827
04/08/2015,661.28,1306378,664.34,668,660.51
03/08/2015,664.72,1561711,657.66,666.67,657.66
31/07/2015,657.5,1744458,664.7,664.9999,657.2
30/07/2015,664.56,1979981,657.44,668.05,651.69
29/07/2015,661.43,1835632,662.26,663.33,652.84
28/07/2015,659.66,1718071,661.76,664.1,653.41
27/07/2015,658.27,2917862,651.57,667.07,651.55
24/07/2015,654.77,4127302,676.77,677.79,653.18
23/07/2015,674.73,3738692,691.85,696.07,671.59
22/07/2015,695.1,4132750,694.02,713.33,691.62
21/07/2015,695.35,3764433,684.88,705.6,684.15
20/07/2015,692.84,5116327,688.98,697.8,681.77
17/07/2015,699.62,12846880,680,703,678
16/07/2015,601.78,5401450,589.5,604.5,587.92
15/07/2015,583.96,2067590,583.74,588.69,580.21
14/07/2015,584.18,3710928,574.5,589.7087,574.17
13/07/2015,571.73,2085866,559.51,572.85,558.7
10/07/2015,556.11,2169406,553.71,559.29,552
09/07/2015,544.65,1485579,548.65,548.88,544.62
08/07/2015,541.7,1380910,545.6,548.28,541.2
07/07/2015,550.03,1678926,547.43,551,539.85
06/07/2015,545.62,1277899,542.25,548.58,542.095
02/07/2015,547.34,1406198,544.74,548,543.57
01/07/2015,543.3,1536068,543.66,545.81,539.76
30/06/2015,540.04,1724359,545.09,545.9,539.54
29/06/2015,541.25,1880383,546.75,550.9,540.24
26/06/2015,553.06,2183443,559.71,560,551.85
25/06/2015,557.95,1335133,560.3,563.14,557.455
24/06/2015,558.57,1442149,562.48,562.64,556.81
23/06/2015,563.39,1568936,559.79,564.9,557.15
22/06/2015,559.68,1735267,559.41,565.61,558.91
19/06/2015,557.52,2961487,556.52,557.91,552.258
18/06/2015,556.18,2058702,548,557.25,548
17/06/2015,546.6,1216067,545.42,548.36,541.81
16/06/2015,544.87,1625462,544.48,546.69,541.5724
15/06/2015,543,1357406,542.73,544.05,539.21
12/06/2015,547.47,1272112,547.15,548.85,545.63
11/06/2015,550.04,1287655,554.49,554.83,549.17
10/06/2015,552.6,1512572,545.7,554.78,545.11
09/06/2015,542.16,1496543,543.42,544.84,538.8506
08/06/2015,543.48,1366108,549.61,549.87,542.95
05/06/2015,549.53,1218634,552,553.33,547.384
04/06/2015,551.69,1316279,552.18,555.96,549.12
03/06/2015,555.29,1333465,555.1,557.99,552.15
02/06/2015,553.95,1592575,547.43,558.79,546.55
01/06/2015,549.21,1653245,548.73,550.57,543.58
29/05/2015,545.32,2158011,553.2,553.94,545.04
28/05/2015,554.18,1177318,553.79,555.76,550.8
27/05/2015,554.25,1742062,548.68,555.29,546.5813
26/05/2015,547.19,1866458,552.58,553.3305,542.97
22/05/2015,554.52,1209496,554.46,558.24,553.62
21/05/2015,556.81,1707151,550.2,557.61,549.301
20/05/2015,552.51,1540493,550.92,556.065,545.1
19/05/2015,549.28,2354545,548,553.4,547.12
18/05/2015,546.67,1333895,543.82,548.34,542.25
15/05/2015,546.49,1669028,550.39,550.6,542.5
14/05/2015,549.2,1583182,543.97,549.69,542.5
13/05/2015,539.49,1211630,540.47,543.84,538.98
12/05/2015,538.73,1762653,542.81,542.961,535
11/05/2015,545.78,1091503,548.49,553.3699,545.6
08/05/2015,548.95,1411047,548.87,552.8,548.03
07/05/2015,542.04,1590003,535.9,545.2,533.45
06/05/2015,535.08,1948741,542.64,543.93,532.235
05/05/2015,543.045,1422862,550.16,552.61,542.37
04/05/2015,552.84,1750805,550.99,556.69,547.39
01/05/2015,551.16,1730758,550.51,551.22,543.85
30/04/2015,548.77,2359357,558.56,561.11,546.72
29/04/2015,561.39,1680892,560.51,565.84,559
28/04/2015,564.37,1859750,564.32,567.83,560.96
27/04/2015,566.12,2398657,572.77,575.52,562.3
24/04/2015,573.66,4608117,580.05,584.7,568.35
23/04/2015,557.46,3832155,550.41,561.17,550.08
22/04/2015,549.18,1588353,543.06,551,541.32
21/04/2015,542.925,1456074,546.31,547.7745,542.21
20/04/2015,544.53,1925377,533.75,545.8,533.35
17/04/2015,532.74,2458770,537.31,539.8,529
16/04/2015,543.52,1582777,538.35,545.229,538.1
15/04/2015,541.04,2345682,537.96,543.19,532.37
14/04/2015,539.78,2357586,546.57,546.57,535.74
13/04/2015,548.64,1466277,547.05,553.27,546.3
10/04/2015,548.54,1305197,549.57,549.85,544.98
09/04/2015,548.02,1617785,549.21,549.37,541.951
08/04/2015,548.84,1419291,546,551.5,546
07/04/2015,544.86,1365906,544.99,550.16,543.585
06/04/2015,543.95,1684445,538.84,545.54,535.7
02/04/2015,541.31,2387229,547.41,548,540.44
01/04/2015,549.49,1936432,554.83,558.5,546.03
31/03/2015,554.7,1746223,557.94,562.45,554.67
30/03/2015,561.135,1238950,560.25,562.16,556.79
27/03/2015,557.55,1725780,561.83,564.066,556.93
26/03/2015,563.64,2489407,564.65,567.19,558.31
25/03/2015,567,2652778,577.57,580.07,567
24/03/2015,577.54,3952003,568.54,581.88,568.09
23/03/2015,565.37,1501661,566,569.6399,563.06
20/03/2015,564.95,2212764,566.71,567.1,564.48
19/03/2015,563.67,1230348,564.52,566.96,562.12
18/03/2015,566.16,1762169,557.73,566.51,553.5
17/03/2015,557.61,1443991,558.29,560.64,554.41
16/03/2015,561.64,1840931,556.93,563.75,551.32
13/03/2015,553,1769482,559.23,564.36,550.33
12/03/2015,561.17,1779635,558.48,561.84,555.53
11/03/2015,555.69,2025341,559.8,564.18,555.41
10/03/2015,559.85,2002985,568.475,569.762,559.82
09/03/2015,574.1,1174148,570.92,575.45,569.05
06/03/2015,572.9,1877842,582,582.78,572.06
05/03/2015,581.435,1795117,579.62,583.2,578.23
04/03/2015,578.33,1897566,576.97,581.63,572.52
03/03/2015,578.795,2526019,576.35,580.85,570.5
02/03/2015,575.02,2515699,567,575.99,563.15
27/02/2015,562.63,3414672,558.15,569.42,557.03
26/02/2015,559.29,2700734,545.74,560.1299,545.09
25/02/2015,547.33,2041250,538.44,549.57,538.01
24/02/2015,538.65,1421363,531.55,539.4,531
23/02/2015,535,1642529,539,539.3,532
20/02/2015,541.8,1911661,547.58,547.58,538.1
19/02/2015,546.45,1541664,542.47,546.86,540.75
18/02/2015,542.65,1462015,543.82,547.55,539.55
17/02/2015,545.01,1957516,551.16,553,543.26
13/02/2015,551.16,2298660,547.51,552.54,546.6
12/02/2015,546.01,2427255,539.66,548.34,537
11/02/2015,538,1914093,539.73,541.95,536
10/02/2015,540.16,2367572,532.15,541,529.1725
09/02/2015,529.28,1513810,531.06,533.88,527.55
06/02/2015,533.875,2144723,531.01,540.215,528.65
05/02/2015,529.83,1658557,527.93,530.69,525.64
04/02/2015,526.1,1692531,533.14,536.746,525.03
03/02/2015,533.3,2352437,529.94,537.45,526.81
02/02/2015,532.2,3765337,534.32,536.5,521.72
30/01/2015,537.55,6053660,519,543.1,518.18
29/01/2015,513.23,3889925,512.9,515.19,503.48
28/01/2015,512.43,1784237,525,525.69,512.35
27/01/2015,521.19,1956292,531.4,532.78,520.8612
26/01/2015,536.72,1546251,541.5,541.5,532.07
23/01/2015,541.95,2295988,538.03,545.41,535.7508
22/01/2015,537.3,2799380,523,538.84,521.91
21/01/2015,520.39,2316928,510.84,521.851,509.59
20/01/2015,509.94,2340379,512.77,515.61,509.37
16/01/2015,510.455,2482675,503.15,510.85,503.09
15/01/2015,504.01,2553978,508.89,509.75,502.01
14/01/2015,505.93,2633957,500.42,508.26,498.16
13/01/2015,501.8,3049845,502.57,508.6,497.26
12/01/2015,497.06,2855348,499.24,500.28,490.91
09/01/2015,500.72,2097137,508.18,508.6,498.65
08/01/2015,506.91,3661816,501.51,507.5,495.02
07/01/2015,505.15,2345062,510.95,511.49,503.65
06/01/2015,506.64,2727897,520.5,521.21,505.55
05/01/2015,519.46,2054120,527.15,527.9899,517.75
02/01/2015,529.55,1325271,532.6,535.8,527.88
31/12/2014,530.66,1235889,537.74,538.4,530.2
30/12/2014,535.28,1046686,534.96,537.84,533.61
29/12/2014,537.31,2217828,540.5,543.93,537.16
26/12/2014,541.52,1113425,536.93,543.25,535.49
24/12/2014,536.93,737848,538.82,540.29,535.1
23/12/2014,538.77,2877193,534.51,542.3,533.72
22/12/2014,532.3,3315632,520.61,532.97,520.59
19/12/2014,520.04,4804183,516.99,520.81,508.86
18/12/2014,514.62,3873317,515.99,516.25,506.56
17/12/2014,506.45,3636510,499.86,509.07,499.11
16/12/2014,498.16,4343007,513.6,515.58,497.19
15/12/2014,515.84,2618113,523.76,525.37,515.397
12/12/2014,521.51,2370357,527.44,532.24,521.46
11/12/2014,532.11,2071269,530.01,537.04,529.16
10/12/2014,528.04,2315070,535.9,539.36,527.49
09/12/2014,536.11,2166487,525.875,536.65,523.41
08/12/2014,530.73,3231114,529.22,533.815,527
05/12/2014,528.08,3067025,536.7,538.2,527.26
04/12/2014,542.58,1630810,537.64,542.69,534.89
03/12/2014,536.97,1623977,537.5,541.405,535.21
02/12/2014,538.59,2073746,539.45,541.85,534.657
01/12/2014,539.65,1991727,545.09,548.79,538.62
28/11/2014,549.08,1210061,547,549.6,544.4801
26/11/2014,547.73,1480222,549.23,549.88,545.23
25/11/2014,549.23,1901867,547.21,552.5,546.91
24/11/2014,547.48,1651178,546.57,551.19,544.15
21/11/2014,545.89,2495482,551.04,551.04,545
20/11/2014,543.76,1749993,542.09,545.38,541.5
19/11/2014,547.2,1514254,544.75,548.22,539.19
18/11/2014,544.51,1821114,547.93,552.79,543.8
17/11/2014,546.64,1672965,555.19,555.19,544.44
14/11/2014,555.19,1424141,558,558,552.51
13/11/2014,556.44,1509412,560.81,560.8199,554.09
12/11/2014,558.25,1091207,561.15,561.25,555.5
11/11/2014,561.29,1096715,558.52,562.5,556.2419
10/11/2014,558.23,1298160,552.4,560.63,551.62
07/11/2014,551.82,1588998,555.6,555.6,549.35
06/11/2014,551.69,1649048,555.5,556.799,550.58
05/11/2014,555.95,1638667,566.79,566.9,554.15
04/11/2014,564.19,1384902,561.16,564.79,558.3
03/11/2014,563.77,1541486,563.53,567.15,561.63
31/10/2014,567.87,2339196,568.3,568.73,564.81
30/10/2014,560.27,1611177,558.25,562.5,552.13
29/10/2014,558.45,2052623,560.85,564.97,555.98
28/10/2014,558.94,1731315,551.71,559.2,550.43
27/10/2014,549.88,1596722,547.76,554,547.2
24/10/2014,548.9,2172669,554.98,555,545.16
23/10/2014,553.65,2150880,548.28,557.4,545.5
22/10/2014,542.69,2973468,541.05,550.76,540.23
21/10/2014,538.03,2459395,537.27,538.77,530.2
20/10/2014,532.38,2747409,520.45,533.16,519.14
17/10/2014,522.97,5992238,540.45,543.45,518.41
16/10/2014,536.92,3784199,527,540.99,524.95
15/10/2014,540.73,3808148,542.08,543.915,528.422
14/10/2014,548.69,2608672,550.14,558.63,544.5
13/10/2014,544.75,2751949,555.13,560.875,544.43
10/10/2014,555.19,2978506,567.47,575.23,555.01
09/10/2014,570.81,2407643,581.61,582.53,569.03
08/10/2014,583.74,2206710,574.79,584.69,567.64
07/10/2014,574.1,1544014,584.9,585.85,574.1
06/10/2014,587.78,1285696,589.95,592.4,585.4
03/10/2014,586.25,1211716,584.1,588.29,583.5
02/10/2014,580.88,1541071,578,583.24,574.05
01/10/2014,579.63,1447666,586.8,588.72,578.02
30/09/2014,588.41,1571469,587.49,591,584.5
29/09/2014,587.81,1142659,581.83,589.31,581.57
26/09/2014,587.9,1288870,585.93,589.5739,585
25/09/2014,585.25,1665860,596.99,598.07,584.74
24/09/2014,598.42,1757807,591.57,600.11,590.3
23/09/2014,591.18,1401711,595,596.65,590.24
22/09/2014,597.27,1782194,602.5,603.8,593.12
19/09/2014,605.4,4184064,599.49,605.4,597.76
18/09/2014,597.27,1493346,595.05,597.56,593.02
17/09/2014,593.29,1711642,589.51,596.07,587.12
16/09/2014,588.78,1578274,580.95,590.15,580.95
15/09/2014,581.64,1544649,582.24,583.92,577.01
12/09/2014,584.9,1848820,590.39,591.48,583.28
11/09/2014,591.11,1499553,590,591.945,586.04
10/09/2014,593.42,1156693,591.74,593.72,587.14
09/09/2014,591.97,1571006,600.27,600.6,590.48
08/09/2014,601.63,1598620,599.14,603.52,598.0231
05/09/2014,597.78,1798013,595.13,598.5,593.55
04/09/2014,593.14,1630391,592.13,598,590.6
03/09/2014,589.52,1578792,591.73,594.49,586.5
02/09/2014,588.63,1581444,582.95,589.3,582.4
29/08/2014,582.36,1205814,582.35,582.8999,578.24
28/08/2014,580.32,1405713,580.02,584.71,577.88
27/08/2014,583,1363287,587.81,589.37,580.9
26/08/2014,588.12,1470046,592,592.05,587.45
25/08/2014,590.57,1295469,594.77,595.58,589.26
22/08/2014,592.54,876231,593.27,594.99,589.8
21/08/2014,592.42,1131118,594.9,595.25,591.101
20/08/2014,595.41,967253,596.95,596.99,593.001
19/08/2014,597.11,1040746,595.59,597.81,594.44
18/08/2014,592.7,1464370,587.1,595.05,586.55
15/08/2014,583.71,1723366,587.5,589.47,580.76
14/08/2014,584.65,1272369,586.69,587.8,580.92
13/08/2014,584.56,1898211,576.45,586.125,575.2
12/08/2014,572.12,1390807,575,575.9,569.91
11/08/2014,577.25,1171290,579,579.69,575.298
08/08/2014,577.94,1493324,572.02,579.5639,569.02
07/08/2014,571.81,1162124,576.05,578.31,569.43
06/08/2014,574.49,1322760,569.5,578.644,567.45
05/08/2014,573.14,1648328,579.38,580.2,570.31
04/08/2014,582.27,1516299,576.51,583.82,572.26
01/08/2014,573.6,2209772,578.555,583.43,570.3
31/07/2014,579.55,2307214,588.96,591.9899,577.68
30/07/2014,595.44,1215052,595.81,598.45,592.7
29/07/2014,593.95,1364289,597.7,598.49,592.17
28/07/2014,599.02,1357713,597.75,601.098,592.59
25/07/2014,598.08,1359950,599.25,601,595.75
24/07/2014,603.01,1293149,605.53,608.91,601
23/07/2014,605.19,1105900,602.05,607.05,601.35
22/07/2014,603.57,1879176,599.7,608.89,599.2576
21/07/2014,598.44,2237320,601.35,604.16,594.45
18/07/2014,605.11,4869149,603.01,606.7,590.92
17/07/2014,580.82,2906223,588.97,589.5,576.85
16/07/2014,590.62,1440365,596.89,597,590.25
15/07/2014,593.06,1672965,595.15,595.2999,585.31
14/07/2014,594.26,1951055,590.6,594.86,586.693
11/07/2014,586.65,1511384,581,588.23,580.575
10/07/2014,580.04,1434626,573,585.25,572.1001
09/07/2014,583.36,1371057,578.95,584.1,577
08/07/2014,578.4,2125090,586.365,587.97,574
07/07/2014,590.76,1334876,593.51,595.645,587.94
03/07/2014,593.08,898852,591.7,594.25,589
02/07/2014,590.78,1195250,592.26,594.15,589.11
01/07/2014,591.49,1643199,587.65,593.66,586.29
30/06/2014,584.67,1478867,586.76,587.71,583.29
27/06/2014,585.69,2015965,585.45,587.88,582.62
26/06/2014,584.77,2001257,589.3,589.6,579.6
25/06/2014,585.93,2110029,573.55,587.3,573.26
24/06/2014,572.54,2843997,574.22,582.25,569.16
23/06/2014,574.29,1722711,564.35,574.44,563.5
20/06/2014,566.52,3156309,566.45,566.77,559.37
19/06/2014,564.99,2627242,561.15,565,556.6679
18/06/2014,560.66,2057643,552.8,561.4,551.58
17/06/2014,550.615,1477494,552.36,553.74,547.47
16/06/2014,552.3,1938486,557.25,557.99,550
13/06/2014,560.35,1353287,560.08,560.65,553.72
12/06/2014,559.5,1546085,567,567,557.15
11/06/2014,567.5,1128417,565.92,568.97,563.68
10/06/2014,568.3,1472116,568.78,572,566.13
09/06/2014,570.73,1529355,566.75,572,565.22
06/06/2014,566.03,1740248,568.16,568.7999,559.58
05/06/2014,564.93,1792859,557.11,565,555.05
04/06/2014,553.76,1729048,551.52,558.58,548.56
03/06/2014,554.51,2026954,560.9,562.4,552.5275
02/06/2014,564.34,1660355,569.75,570.41,556.7
30/05/2014,571.65,1871693,571.64,572.58,565.79
29/05/2014,570.56,1409408,573.39,573.48,568.4525
28/05/2014,570.45,1580200,574.57,577.66,569.952
27/05/2014,574.87,2185798,567.78,574.87,564.15
23/05/2014,563.8,2672414,558.13,565,554.17
22/05/2014,555.45,2146620,552.2,557.96,551
21/05/2014,549.7,1562619,542.9,549.75,542.11
20/05/2014,540.39,2424962,540,546.35,536.57
19/05/2014,538.83,1976325,528.88,539.35,525.66
16/05/2014,528.3,1907537,529.6,530.84,523.57
15/05/2014,529.12,1829143,533.14,533.9999,525.31
14/05/2014,534.41,1280903,541.82,541.82,533.11
13/05/2014,541.54,2010474,539.58,543.99,537.9
12/05/2014,538.43,1944902,531.84,538.75,527.51
09/05/2014,526.62,2261215,518.65,527.35,514.28
08/05/2014,520.17,2450440,515.72,527.35,514.46
07/05/2014,518,3071981,523.25,524.43,511.09
06/05/2014,522.57,1834320,533.41,534.548,522.2601
05/05/2014,535.33,1228390,530.24,535.72,527.58
02/05/2014,533.87,1779648,541.44,542.4,533.27
01/05/2014,538.53,2003547,534.25,539.91,532.86
30/04/2014,534.88,2036412,535.12,536.34,529.09
29/04/2014,536.33,2531953,523.89,537.76,523
28/04/2014,522.98,3750042,525.8,525.9,511
25/04/2014,523.1,2369938,532.26,533.86,522.5
24/04/2014,534.44,2065546,541.69,542.5,531
23/04/2014,537.51,1954017,543.67,544.8,528.1277
22/04/2014,545.5,2326897,536,547.995,536
21/04/2014,539.37,2422418,544,544,534
17/04/2014,543.34,5604179,556.32,557,539.4
16/04/2014,563.9,4535718,557.7,564,553.1
15/04/2014,548.7,3992074,551,552.89,530.64
14/04/2014,545.2,2538776,543.66,553.02,540.52
11/04/2014,537.76,3174702,537.94,547.59,533.4
10/04/2014,546.69,3294330,568,568.21,545.5
09/04/2014,567.04,3031068,565.84,567.8,555.38
08/04/2014,557.51,3482243,545.05,559.88,544.7
07/04/2014,540.63,3946815,544.79,549.85,530.53
04/04/2014,545.25,5363131,578.55,579.7173,544.494
03/04/2014,571.5,4012659,573.39,588.3,566.01
02/04/2014,573.39,2085760,576.825,578.2899,567.7829
01/04/2014,573.2839,2180443,565.8987,574.6023,564.752
31/03/2014,562.989,1939988,571.0158,573.3395,562.1505
28/03/2014,565.8381,2253524,565.2571,572.4251,564.6358
27/03/2014,562.8729,3818631,571.2431,571.7937,556.7202
26/03/2014,571.8089,2554077,586.9834,591.8126,571.5715
25/03/2014,585.3215,2410125,588.999,590.9387,579.4012
24/03/2014,584.9224,3036542,598.1875,598.5462,578.8708
21/03/2014,597.6066,3207477,609.3613,611.0384,597.3086
20/03/2014,604.7393,1684681,606.1486,611.0283,603.83
19/03/2014,605.795,1610833,612.1346,612.2306,603.3501
18/03/2014,611.8618,1817951,603.4815,611.9982,602.6682
17/03/2014,602.1832,2160095,595.6921,604.6938,595.1163
14/03/2014,592.4339,2293388,597.0762,601.5619,592.2975
13/03/2014,600.6476,2339645,610.1898,611.4779,598.4755
12/03/2014,609.8614,1964277,604.3554,610.1393,598.1875
11/03/2014,606.1688,1712649,613.1297,613.4075,604.4766
10/03/2014,612.0184,1214528,614.0996,615.0821,608.24
07/03/2014,613.645,1514730,619.7118,619.8054,611.9517
06/03/2014,616.0798,1267959,617.4285,619.3809,615.5696
05/03/2014,615.3978,1235272,613.7763,617.8326,611.9356
04/03/2014,613.7056,1467631,613.7511,614.2562,610.9728
03/03/2014,607.5327,2104616,609.5836,610.1342,602.2034
28/02/2014,614.0794,2313176,616.4485,618.3933,609.3159
27/02/2014,615.8777,1259795,615.4635,618.4161,614.7669
26/02/2014,616.3627,1982121,618.2974,620.7625,613.1247
25/02/2014,616.2768,1438445,614.2259,618.5499,611.4392
24/02/2014,612.4932,1674113,608.8815,616.3576,608.7501
21/02/2014,608.0884,1862284,610.1191,611.1597,607.606
20/02/2014,608.25,1700843,607.76,609.6518,606.285
19/02/2014,607.3559,2103507,608.8511,610.8313,604.912
18/02/2014,611.6699,2108553,606.8861,612.6751,606.1739
14/02/2014,607.5883,2193285,603.9563,608.3915,602.5368
13/02/2014,606.1234,1835894,596.4498,606.1234,595.8992
12/02/2014,599.4504,1724490,600.6173,601.1224,596.7681
11/02/2014,601.2134,2050377,596.1569,602.0651,592.1359
10/02/2014,592.4996,1944075,591.9288,597.2833,590.5245
07/02/2014,594.7778,2685432,589.8223,595.0102,586.2515
06/02/2014,585.9479,1945997,581.4874,586.0489,579.679
05/02/2014,577.4816,2394325,577.5726,581.3056,569.8136
04/02/2014,574.9357,2811838,574.8498,583.4424,574.3548
03/02/2014,572.5464,4568875,595.6669,596.9408,571.8266
31/01/2014,596.561,5565423,591.7015,599.3746,581.4874
30/01/2014,573.5385,5076247,578.3909,582.1744,569.4246
29/01/2014,559.155,2364192,565.3178,566.6463,555.3664
28/01/2014,567.2828,2208315,560.8725,568.6664,560.6805
27/01/2014,556.2807,4352585,568.8437,569.0457,546.7032
24/01/2014,567.697,3918938,581.4268,582.7074,567.2777
23/01/2014,586.0186,1948578,585.9681,587.2259,583.1241
22/01/2014,588.5039,1571311,589.3071,589.9537,585.3922
21/01/2014,587.8371,1979510,586.4379,587.9887,581.5733
17/01/2014,581.1844,2700584,584.3769,586.2863,577.9868
16/01/2014,584.0586,1683876,580.462,584.9219,579.9063
15/01/2014,580.2195,1949525,582.427,583.4424,577.7797
14/01/2014,580.6135,2481611,574.8296,581.4218,569.8489
13/01/2014,567.2676,2418270,569.0306,579.3557,564.3328
10/01/2014,570.9047,2141847,575.4005,575.4005,566.8989
09/01/2014,570.935,2084366,577.6029,577.9969,568.5709
08/01/2014,576.4865,2242287,578.8961,579.5628,572.4757
07/01/2014,575.2881,2552245,568.288,575.7086,566.3483
06/01/2014,564.4085,1769288,562.2313,565.1864,558.9125
03/01/2014,558.1851,1664846,563.2366,564.2115,558.1498
02/01/2014,562.2869,1821401,563.4689,564.6257,559.8319
31/12/2013,566.1209,1357839,561.8424,566.2674,558.8216
30/12/2013,560.4381,1234872,565.934,566.0149,560.2158
27/12/2013,564.9541,1569747,565.7623,565.9037,562.196
26/12/2013,564.4792,1337795,562.7365,565.2571,560.0491
24/12/2013,561.6403,734170,563.2214,563.3578,559.7511
23/12/2013,563.2871,1721503,559.6197,563.6406,558.2458
20/12/2013,555.9726,3261557,549.7492,556.2504,549.5977
19/12/2013,548.6985,1665669,545.9444,551.6132,545.0918
18/12/2013,547.9559,2210252,541.4396,548.057,534.9687
17/12/2013,540.4343,1535137,541.9296,545.9404,539.6867
16/12/2013,542.0104,1602009,537.4742,542.8742,536.4689
13/12/2013,535.8527,2162168,543.2328,543.6824,534.3852
12/12/2013,540.4848,1595700,545.3393,547.0416,539.9999
11/12/2013,544.1875,1706923,549.2946,551.2747,543.1166
10/12/2013,547.9105,1853894,543.6117,551.7748,543.3591
09/12/2013,544.6169,1482485,541.0051,546.7234,539.5049
06/12/2013,540.4394,1428774,540.399,540.505,535.494
05/12/2013,534.1099,1133663,534.0392,535.2818,530.9528
04/12/2013,534.5342,1190968,531.0942,537.4641,530.4021
03/12/2013,532.0489,1676144,530.882,537.1913,529.9071
02/12/2013,532.6652,1373206,537.2267,538.6613,530.7861
29/11/2013,535.2465,1192773,536.5447,538.7977,535.1758
27/11/2013,537.0246,1122631,536.479,539.4948,535.4536
26/11/2013,534.6504,2286072,529.6949,536.2113,526.8333
25/11/2013,528.3462,1612058,523.9161,532.0136,522.8363
22/11/2013,521.254,1254110,522.0268,523.416,519.9065
21/11/2013,522.3552,1091805,518.7838,524.497,518.2787
20/11/2013,516.4147,963706,520.274,521.9965,515.4297
19/11/2013,517.8766,1128798,521.1681,522.6987,516.7885
18/11/2013,521.0822,1759713,523.2038,529.7657,519.9165
15/11/2013,522.0976,1276257,522.7593,524.3404,520.4563
14/11/2013,522.9412,1166731,522.2794,525.2244,520.476
13/11/2013,521.547,1578515,508.5546,521.7389,508.4283
12/11/2013,511.0955,1218087,509.0345,514.0152,507.6706
11/11/2013,510.4944,1112528,509.9488,513.1919,509.1861
08/11/2013,513.2424,1290800,509.5649,514.4901,509.4386
07/11/2013,509.1608,1679632,516.5662,517.233,509.0042
06/11/2013,516.6369,914174,518.0766,518.7838,512.909
05/11/2013,516.0156,1181373,515.4246,521.1327,513.9445
04/11/2013,518.3322,1138656,521.057,521.4964,516.2732
01/11/2013,518.804,1283286,521.2035,523.3301,517.824
31/10/2013,520.5922,1616405,519.7587,526.1205,517.2532
30/10/2013,520.5114,1324081,524.0525,524.0929,518.2787
29/10/2013,523.4514,1604995,514.7932,523.805,511.9644
28/10/2013,512.7221,1158320,512.8231,516.9804,511.7042
25/10/2013,512.8231,2030479,519.7032,519.7032,510.5702
24/10/2013,518.0514,2092054,521.2439,525.6386,517.6725
23/10/2013,521.01,2663226,505.65,522.6986,505.4631
22/10/2013,508.6809,2208639,507.6706,511.7118,503.0187
21/10/2013,506.8119,3628191,510.9339,514.7427,504.9176
18/10/2013,510.9076,11563920,493.3144,512.9545,492.0111
17/10/2013,448.9698,4163147,451.0893,453.0645,447.422
16/10/2013,453.6348,2004867,447.4927,453.7868,446.5531
15/10/2013,445.5429,1591887,442.3857,447.3715,441.4966
14/10/2013,442.5625,1243573,437.7889,442.6332,437.1473
11/10/2013,440.4813,1407096,437.4706,441.234,437.1019
10/10/2013,438.587,2255255,436.3644,438.885,434.5307
09/10/2013,432.3333,2651123,432.5455,435.7632,425.827
08/10/2013,431.227,1943503,437.112,437.4454,430.1966
07/10/2013,437.3241,1293591,438.1879,441.4916,436.5008
04/10/2013,440.6632,1358005,442.0018,443.2697,439.4761
03/10/2013,442.5524,2117005,448.5687,451.6501,440.5369
02/10/2013,448.5636,1495334,445.9066,449.2531,443.4263
01/10/2013,448.0655,1682984,444.6538,448.402,444.5528
30/09/2013,442.4615,1720996,439.0113,444.9518,438.6224
27/09/2013,442.7039,1258822,441.9109,443.2748,440.1378
26/09/2013,443.6031,1259907,443.6688,445.9167,442.0018
25/09/2013,443.1283,1649029,447.8362,447.8362,442.3049
24/09/2013,447.9827,1466985,447.811,449.6295,445.2347
23/09/2013,447.811,1777442,452.6856,455.4336,447.1543
20/09/2013,456.2014,4343880,453.8171,456.7167,452.4179
19/09/2013,453.8171,1596560,457.6562,457.6562,452.3067
18/09/2013,456.3075,1934434,447.7352,456.6358,446.0784
17/09/2013,447.6139,1259422,448.2706,448.7682,445.0327
16/09/2013,448.4474,1341111,452.7109,453.115,446.9876
13/09/2013,449.1082,1325286,451.8521,452.4482,446.9724
12/09/2013,451.1267,1095465,453.317,453.5696,449.584
11/09/2013,452.7058,1610577,448.8414,453.0998,447.5988
10/09/2013,448.9071,1287636,449.5891,450.5893,446.5481
09/09/2013,448.5959,1222504,446.4117,449.4527,445.75
06/09/2013,444.3154,1561560,445.7601,446.437,441.3653
05/09/2013,444.3052,1291335,441.2441,444.4669,440.2893
04/09/2013,440.3015,2040633,434.6014,441.2441,431.9848
03/09/2013,434.6166,2047636,431.5756,437.5515,431.3685
30/08/2013,427.8072,1862207,432.2828,433.4345,427.1303
29/08/2013,432.1161,1370908,428.9034,434.6166,428.6609
28/08/2013,428.6407,1329908,429.4995,432.106,428.2467
27/08/2013,429.4489,1731654,434.2327,436.3088,428.3124
26/08/2013,437.6525,1056184,439.4761,441.9513,437.4807
23/08/2013,439.5821,1076493,443.4313,443.5172,439.3498
22/08/2013,441.3502,869911,440.84,441.8755,439.6023
21/08/2013,439.1376,1757333,439.8044,442.9661,437.7081
20/08/2013,437.1625,1236259,438.6426,440.5419,436.2128
19/08/2013,437.2787,1810825,433.2678,440.4864,433.1365
16/08/2013,432.8627,1675087,435.0712,435.6572,432.6768
15/08/2013,434.2529,1869174,436.6675,436.9099,433.4143
14/08/2013,439.3801,2082097,443.7041,444.6437,438.0415
13/08/2013,445.1589,1419756,447.9777,448.8212,442.608
12/08/2013,447.3109,1377034,448.013,448.0635,445.361
09/08/2013,449.7861,1323661,449.8618,452.3674,449.579
08/08/2013,450.9226,1487625,452.3522,452.529,447.2023
07/08/2013,449.9073,1379208,452.1249,453.8474,449.1193
06/08/2013,452.8978,1504606,456.9995,459.5349,452.4734
05/08/2013,457.1561,1309721,457.3531,457.4213,454.2263
02/08/2013,457.9492,1713765,456.3681,458.1664,455.0446
01/08/2013,456.7621,2133480,452.1047,456.9288,452.1047
31/07/2013,448.4424,2072892,451.0893,452.8669,447.6493
30/07/2013,450.0437,1755610,447.2856,452.4128,444.967
29/07/2013,445.6742,1891862,447.0027,452.0138,444.9771
26/07/2013,447.23,1777562,448.0585,449.5739,445.5378
25/07/2013,448.4171,3000533,451.5339,453.0392,447.5988
24/07/2013,456.0953,2063078,458.2978,459.8334,454.984
23/07/2013,456.55,2045127,460.0355,461.1973,454.4132
22/07/2013,460.0355,2902800,455.6407,461.0306,453.115
19/07/2013,452.9119,7358055,447.8665,456.1206,442.3099
18/07/2013,460.0254,3579481,464.2231,464.7333,456.2418
17/07/2013,464.0008,1505868,465.2385,468.1986,462.8643
16/07/2013,464.5353,1982952,468.335,468.7593,461.6519
15/07/2013,467.1024,1958669,466.9054,468.7745,462.8946
12/07/2013,466.2487,2567441,464.7333,466.2487,462.3288
11/07/2013,464.8545,2583821,461.1973,465.1425,458.9342
10/07/2013,457.6562,1706796,456.3732,460.2552,454.8224
09/07/2013,457.2774,1961588,460.187,461.172,453.61
08/07/2013,457.2016,1969450,454.2313,457.7977,453.1574
05/07/2013,451.3419,1701830,449.584,452.3118,448.2353
03/07/2013,447.7756,1048628,444.477,449.1597,443.7698
02/07/2013,445.6944,1891448,449.68,450.0841,443.1485
01/07/2013,448.5081,1722652,447.7857,450.6297,447.0532
28/06/2013,444.7144,2348727,441.9513,445.457,441.5931
27/06/2013,443.0474,1926354,443.9213,446.8966,442.8353
26/06/2013,441.3198,1831328,441.3704,443.5172,439.764
25/06/2013,437.5565,2552561,443.1434,444.3659,436.7028
24/06/2013,439.37,3016272,440.4257,442.6686,436.0663
21/06/2013,444.9973,3981576,448.7404,449.5183,441.0269
20/06/2013,446.9219,3371895,451.5945,455.1356,446.1995
19/06/2013,454.9739,2915792,455.3225,460.1062,453.3675
18/06/2013,454.9436,2151510,448.897,455.1356,448.7455
17/06/2013,447.6847,2145138,444.1386,449.291,443.6587
14/06/2013,442.022,2244971,444.578,446.9017,441.5623
13/06/2013,443.0121,2069414,438.9608,444.3558,437.2029
12/06/2013,440.4762,2204549,447.2856,447.5584,439.2993
11/06/2013,444.4315,1757482,446.5329,448.0635,444.285
10/06/2013,449.6901,2337753,445.5883,450.0841,444.573
07/06/2013,444.3911,2673069,439.6882,444.5275,437.112
06/06/2013,436.7685,2578905,436.5967,437.6222,427.9689
05/06/2013,434.2731,2106491,435.6925,439.1982,432.9748
04/06/2013,433.97,1867345,438.39,439.7741,431.4291
03/06/2013,438.2789,2475396,440.9915,441.4814,431.909
31/05/2013,440.0913,1969357,438.5264,443.0121,438.2233
30/05/2013,439.86,2120587,439.4357,443.9719,437.6626
29/05/2013,438.6224,2012380,442.3604,443.5122,436.5917
28/05/2013,445.169,2257410,446.2955,450.66,444.7296
24/05/2013,441.1531,2296360,442.1331,443.9314,439.9863
23/05/2013,445.9369,2274946,443.0121,449.5588,441.4966
22/05/2013,449.286,2557609,455.9236,459.3333,448.0029
21/05/2013,458.1513,1982685,458.6817,460.5204,453.4231
20/05/2013,458.9393,2272695,457.1561,465.0364,457.1561
17/05/2013,459.2676,2791803,459.692,461.4443,454.8931
16/05/2013,456.5853,3203974,464.2282,464.7232,455.6458
15/05/2013,462.6572,3984994,452.3573,462.9047,451.6096
14/05/2013,448.114,1576836,443.2646,448.9172,443.0828
13/05/2013,443.2798,1448030,443.9668,445.7752,441.184
10/05/2013,444.6437,1897154,442.1584,444.8003,440.5672
09/05/2013,440.2237,2199550,439.9004,444.3558,438.582
08/05/2013,441.3097,2466446,432.9092,441.436,430.8431
07/05/2013,433.0254,1958986,435.9451,436.3795,429.7116
06/05/2013,435.2076,2140979,428.4942,435.3591,428.4942
03/05/2013,427.2111,2511142,422.7861,427.7567,422.3011
02/05/2013,419.0733,2016664,414.2693,421.5687,413.7389
01/05/2013,414.436,1454134,415.8656,416.6031,412.3801
30/04/2013,416.5273,2306166,413.7137,418.0781,413.0469
29/04/2013,413.744,2300254,405.7576,415.5827,405.6314
26/04/2013,404.8332,2487637,407.955,408.0257,402.3883
25/04/2013,408.7127,1990183,412.3245,412.4357,407.9702
24/04/2013,410.9121,1829051,408.2126,413.2085,408.1571
23/04/2013,408.1066,2292052,404.6211,411.9457,404.2978
22/04/2013,404.1735,2883007,404.419,406.1153,391.4873
19/04/2013,404.0503,5802611,388.5373,405.8536,387.0723
18/04/2013,386.8976,3285226,396.7155,396.9429,384.5467
17/04/2013,395.3062,2036508,397.4228,399.4913,393.0532
16/04/2013,400.7668,1741556,397.3419,402.0953,395.9932
15/04/2013,394.988,2452511,397.0186,402.6005,392.5077
12/04/2013,399.0897,1636329,400.0697,400.1263,395.4931
11/04/2013,399.2615,2028666,400.5193,400.6304,396.0639
10/04/2013,399.1554,1978662,395.488,400.2516,391.9924
09/04/2013,392.8259,2157238,391.7399,395.9073,390.5326
08/04/2013,391.4115,2831918,393.3816,393.7857,388.1533
05/04/2013,395.5537,3433494,397.0742,397.544,392.1945
04/04/2013,401.6256,2447102,406.2628,407.0205,399.7212
03/04/2013,407.2488,1738253,410.9152,411.289,404.4534
02/04/2013,410.703,2041175,406.4093,411.6072,406.1365
01/04/2013,404.717,1806580,401.5952,405.2525,400.7062
28/03/2013,401.18,2286612,406.1314,406.8285,400.7314
27/03/2013,405.4596,2163095,407.4903,407.6519,404.7878
26/03/2013,410.3898,1191420,410.9354,411.1879,408.051
25/03/2013,408.9855,1706904,410.3848,413.8299,407.561
22/03/2013,409.324,1487868,411.5618,411.8143,408.9855
21/03/2013,409.8039,1466416,409.819,412.6616,409.0916
20/03/2013,411.5456,1463422,412.6175,412.961,409.8948
19/03/2013,409.8342,2097435,409.7937,413.84,407.3741
18/03/2013,408.051,1837742,406.6416,410.5616,404.8585
15/03/2013,411.3405,3096363,413.4611,414.3704,410.8546
14/03/2013,414.9967,1650811,417.7498,417.7498,412.9004
13/03/2013,416.9011,1641213,418.2095,419.6188,415.3857
12/03/2013,418.063,1994079,419.6289,420.225,416.0727
11/03/2013,421.7051,1594652,420.124,424.1702,420.028
08/03/2013,420.0381,2911833,421.5434,421.7555,416.7698
07/03/2013,420.5816,2052201,421.3212,422.6143,419.0581
06/03/2013,419.9674,2872395,424.8395,426.3423,418.6691
05/03/2013,423.6165,4043572,418.7298,424.3974,418.7146
04/03/2013,414.9786,2765170,406.7932,415.6534,406.6416
01/03/2013,407.2428,2175125,403.0046,407.7227,402.1711
28/02/2013,404.7221,2264972,404.6716,407.6469,404.6362
27/02/2013,404.0048,2025716,401.4892,406.5154,399.6252
26/02/2013,399.1301,2202194,401.5902,402.07,396.2357
25/02/2013,399.4534,2303464,405.2778,408.3642,399.312
22/02/2013,403.9694,2053709,403.7421,404.7474,400.984
21/02/2013,401.8579,3504108,403.1056,406.869,399.6807
20/02/2013,400.3071,2763911,406.7932,408.6471,399.9707
19/02/2013,407.5762,2930859,402.0903,407.6519,401.7316
